ID,NAME,SUSTAIN_APP__CONSUMPTIONREPORT__C,SUSTAIN_APP__ENERGYCONSUMPTION__C
a024W00000I7Up9QAF,CFR-000001364,a034W00000VdN7rQAF,a094W00002EL3j0QAD
a024W00000I7V9eQAF,CFR-000002635,a034W00000VdN7jQAF,a094W00002EL3i3QAD
a024W00000I7V9fQAF,CFR-000002636,a034W00000VdN7sQAF,a094W00002EL3isQAD
a024W00000I7V9gQAF,CFR-000002637,a034W00000VdN7wQAF,a094W00002EL3iUQAT
a024W00000I7V9hQAF,CFR-000002638,a034W00000VdN7jQAF,a094W00002EL3i6QAD
a024W00000I7V9iQAF,CFR-000002639,a034W00000VdN7sQAF,a094W00002EL3imQAD
a024W00000I7V9jQAF,CFR-000002640,a034W00000VdN7wQAF,a094W00002EL3iOQAT
a024W00000I7V9kQAF,CFR-000002641,a034W00000VdN7jQAF,a094W00002EL3i0QAD
a024W00000I7V9lQAF,CFR-000002642,a034W00000VdN7sQAF,a094W00002EL3ihQAD
a024W00000I7V9mQAF,CFR-000002643,a034W00000VdN7wQAF,a094W00002EL3iJQAT
a024W00000I7V9nQAF,CFR-000002644,a034W00000VdN7jQAF,a094W00002EL3hwQAD
a024W00000I7V9oQAF,CFR-000002645,a034W00000VdN7sQAF,a094W00002EL3iiQAD
a024W00000I7V9pQAF,CFR-000002646,a034W00000VdN7wQAF,a094W00002EL3iKQAT
a024W00000I7V9qQAF,CFR-000002647,a034W00000VdN7jQAF,a094W00002EL3hxQAD
a024W00000I7V9rQAF,CFR-000002648,a034W00000VdN7vQAF,a094W00002EL3puQAD
a024W00000I7V9xQAF,CFR-000002654,a034W00000VdN7lQAF,a094W00002EL3jMQAT
a024W00000I7V9yQAF,CFR-000002655,a034W00000VdN7lQAF,a094W00002EL3jJQAT
a024W00000I7V9zQAF,CFR-000002656,a034W00000VdN7lQAF,a094W00002EL3jOQAT
a024W00000I7VA0QAN,CFR-000002657,a034W00000VdN7lQAF,a094W00002EL3jLQAT
a024W00000I7VA1QAN,CFR-000002658,a034W00000VdN7lQAF,a094W00002EL3jPQAT
a024W00000I7VA2QAN,CFR-000002659,a034W00000VdN7lQAF,a094W00002EL3jHQAT
a024W00000I7VA3QAN,CFR-000002660,a034W00000VdN7lQAF,a094W00002EL3jIQAT
a024W00000I7VA4QAN,CFR-000002661,a034W00000VdN7lQAF,a094W00002EL3jNQAT
a024W00000I7VA5QAN,CFR-000002662,a034W00000VdN7lQAF,a094W00002EL3jQQAT
a024W00000I7VA6QAN,CFR-000002663,a034W00000VdN7lQAF,a094W00002EL3jKQAT
a024W00000I7UwTQAV,CFR-000001818,a034W00000VdN7tQAF,a094W00002EL3jCQAT
a024W00000I7UwUQAV,CFR-000001819,a034W00000VdN7tQAF,a094W00002EL3j9QAD
a024W00000I7UwVQAV,CFR-000001820,a034W00000VdN7tQAF,a094W00002EL3jEQAT
a024W00000I7UwWQAV,CFR-000001821,a034W00000VdN7tQAF,a094W00002EL3jBQAT
a024W00000I7UwXQAV,CFR-000001822,a034W00000VdN7tQAF,a094W00002EL3jFQAT
a024W00000I7UwYQAV,CFR-000001823,a034W00000VdN7tQAF,a094W00002EL3j7QAD
a024W00000I7UwZQAV,CFR-000001824,a034W00000VdN7tQAF,a094W00002EL3j8QAD
a024W00000I7UwaQAF,CFR-000001825,a034W00000VdN7tQAF,a094W00002EL3jDQAT
a024W00000I7UwbQAF,CFR-000001826,a034W00000VdN7tQAF,a094W00002EL3jGQAT
a024W00000I7UwcQAF,CFR-000001827,a034W00000VdN7tQAF,a094W00002EL3jAQAT
a024W00000I7UwdQAF,CFR-000001828,a034W00000VdN7tQAF,a094W00002EL3j5QAD
a024W00000I7UweQAF,CFR-000001829,a034W00000VdN7tQAF,a094W00002EL3j6QAD
a024W00000I7V9HQAV,CFR-000002612,a034W00000VdN7sQAF,a094W00002EL3ioQAD
a024W00000I7V9IQAV,CFR-000002613,a034W00000VdN7wQAF,a094W00002EL3iQQAT
a024W00000I7V9JQAV,CFR-000002614,a034W00000VdN7jQAF,a094W00002EL3i2QAD
a024W00000I7V9KQAV,CFR-000002615,a034W00000VdN7sQAF,a094W00002EL3ilQAD
a024W00000I7V9LQAV,CFR-000002616,a034W00000VdN7wQAF,a094W00002EL3iNQAT
a024W00000I7V9MQAV,CFR-000002617,a034W00000VdN7jQAF,a094W00002EL3hzQAD
a024W00000I7V9NQAV,CFR-000002618,a034W00000VdN7sQAF,a094W00002EL3iqQAD
a024W00000I7V9OQAV,CFR-000002619,a034W00000VdN7wQAF,a094W00002EL3iSQAT
a024W00000I7V9PQAV,CFR-000002620,a034W00000VdN7jQAF,a094W00002EL3i4QAD
a024W00000I7V9QQAV,CFR-000002621,a034W00000VdN7sQAF,a094W00002EL3inQAD
a024W00000I7V9RQAV,CFR-000002622,a034W00000VdN7wQAF,a094W00002EL3iPQAT
a024W00000I7V9SQAV,CFR-000002623,a034W00000VdN7jQAF,a094W00002EL3i1QAD
a024W00000I7V9TQAV,CFR-000002624,a034W00000VdN7sQAF,a094W00002EL3irQAD
a024W00000I7V9UQAV,CFR-000002625,a034W00000VdN7wQAF,a094W00002EL3iTQAT
a024W00000I7V9VQAV,CFR-000002626,a034W00000VdN7jQAF,a094W00002EL3i5QAD
a024W00000I7V9WQAV,CFR-000002627,a034W00000VdN7sQAF,a094W00002EL3ijQAD
a024W00000I7V9XQAV,CFR-000002628,a034W00000VdN7wQAF,a094W00002EL3iLQAT
a024W00000I7V9YQAV,CFR-000002629,a034W00000VdN7jQAF,a094W00002EL3hyQAD
a024W00000I7V9ZQAV,CFR-000002630,a034W00000VdN7sQAF,a094W00002EL3ikQAD
a024W00000I7V9aQAF,CFR-000002631,a034W00000VdN7wQAF,a094W00002EL3iMQAT
a024W00000I7V9bQAF,CFR-000002632,a034W00000VdN7jQAF,a094W00002EL3RzQAL
a024W00000I7V9cQAF,CFR-000002633,a034W00000VdN7sQAF,a094W00002EL3ipQAD
a024W00000I7V9dQAF,CFR-000002634,a034W00000VdN7wQAF,a094W00002EL3iRQAT
a024W00000I7UT4QAN,CFR-000000000,a034W00000VdN7kQAF,a094W00002EL3S0QAL
a024W00000I7UT5QAN,CFR-000000001,a034W00000VdN7lQAF,a094W00002EL3S1QAL
a024W00000I7UT6QAN,CFR-000000002,a034W00000VdN7lQAF,a094W00002EL3S2QAL
a024W00000I7UT7QAN,CFR-000000003,a034W00000VdN7kQAF,a094W00002EL3S3QAL
a024W00000I7UT8QAN,CFR-000000004,a034W00000VdN7kQAF,a094W00002EL3S4QAL
a024W00000I7UT9QAN,CFR-000000005,a034W00000VdN7kQAF,a094W00002EL3S5QAL
a024W00000I7UTAQA3,CFR-000000006,a034W00000VdN7kQAF,a094W00002EL3S6QAL
a024W00000I7UTBQA3,CFR-000000007,a034W00000VdN7kQAF,a094W00002EL3S7QAL
a024W00000I7UTCQA3,CFR-000000008,a034W00000VdN7kQAF,a094W00002EL3S8QAL
a024W00000I7UTDQA3,CFR-000000009,a034W00000VdN7kQAF,a094W00002EL3S9QAL
a024W00000I7UTEQA3,CFR-000000010,a034W00000VdN7kQAF,a094W00002EL3SAQA1
a024W00000I7UTFQA3,CFR-000000011,a034W00000VdN7kQAF,a094W00002EL3SBQA1
a024W00000I7UTGQA3,CFR-000000012,a034W00000VdN7kQAF,a094W00002EL3SCQA1
a024W00000I7UTHQA3,CFR-000000013,a034W00000VdN7kQAF,a094W00002EL3SDQA1
a024W00000I7UTIQA3,CFR-000000014,a034W00000VdN7mQAF,a094W00002EL3SEQA1
a024W00000I7UTJQA3,CFR-000000015,a034W00000VdN7mQAF,a094W00002EL3SFQA1
a024W00000I7UTKQA3,CFR-000000016,a034W00000VdN7mQAF,a094W00002EL3SGQA1
a024W00000I7UTLQA3,CFR-000000017,a034W00000VdN7mQAF,a094W00002EL3SHQA1
a024W00000I7UTMQA3,CFR-000000018,a034W00000VdN7mQAF,a094W00002EL3SIQA1
a024W00000I7UTNQA3,CFR-000000019,a034W00000VdN7mQAF,a094W00002EL3SJQA1
a024W00000I7UTOQA3,CFR-000000020,a034W00000VdN7mQAF,a094W00002EL3SKQA1
a024W00000I7UTPQA3,CFR-000000021,a034W00000VdN7mQAF,a094W00002EL3SLQA1
a024W00000I7UTQQA3,CFR-000000022,a034W00000VdN7mQAF,a094W00002EL3SMQA1
a024W00000I7UTRQA3,CFR-000000023,a034W00000VdN7mQAF,a094W00002EL3SNQA1
a024W00000I7UTSQA3,CFR-000000024,a034W00000VdN7mQAF,a094W00002EL3SOQA1
a024W00000I7UTTQA3,CFR-000000025,a034W00000VdN7mQAF,a094W00002EL3SPQA1
a024W00000I7UTUQA3,CFR-000000026,a034W00000VdN7nQAF,a094W00002EL3SQQA1
a024W00000I7UTVQA3,CFR-000000027,a034W00000VdN7nQAF,a094W00002EL3SRQA1
a024W00000I7UTWQA3,CFR-000000028,a034W00000VdN7nQAF,a094W00002EL3SSQA1
a024W00000I7UTXQA3,CFR-000000029,a034W00000VdN7nQAF,a094W00002EL3STQA1
a024W00000I7UTYQA3,CFR-000000030,a034W00000VdN7nQAF,a094W00002EL3SUQA1
a024W00000I7UTZQA3,CFR-000000031,a034W00000VdN7nQAF,a094W00002EL3SVQA1
a024W00000I7UTaQAN,CFR-000000032,a034W00000VdN7nQAF,a094W00002EL3SWQA1
a024W00000I7UTbQAN,CFR-000000033,a034W00000VdN7nQAF,a094W00002EL3SXQA1
a024W00000I7UTcQAN,CFR-000000034,a034W00000VdN7nQAF,a094W00002EL3SYQA1
a024W00000I7UTdQAN,CFR-000000035,a034W00000VdN7nQAF,a094W00002EL3SZQA1
a024W00000I7UTeQAN,CFR-000000036,a034W00000VdN7nQAF,a094W00002EL3SaQAL
a024W00000I7UTfQAN,CFR-000000037,a034W00000VdN7nQAF,a094W00002EL3SbQAL
a024W00000I7UpAQAV,CFR-000001365,a034W00000VdN7uQAF,a094W00002EL3icQAD
a024W00000I7UpBQAV,CFR-000001366,a034W00000VdN7vQAF,a094W00002EL3iEQAT
a024W00000I7UpCQAV,CFR-000001367,a034W00000VdN7rQAF,a094W00002EL3ixQAD
a024W00000I7UpDQAV,CFR-000001368,a034W00000VdN7uQAF,a094W00002EL3iZQAT
a024W00000I7UpEQAV,CFR-000001369,a034W00000VdN7vQAF,a094W00002EL3iBQAT
a024W00000I7UpFQAV,CFR-000001370,a034W00000VdN7rQAF,a094W00002EL3j2QAD
a024W00000I7UpGQAV,CFR-000001371,a034W00000VdN7uQAF,a094W00002EL3ieQAD
a024W00000I7UpHQAV,CFR-000001372,a034W00000VdN7vQAF,a094W00002EL3iGQAT
a024W00000I7UpIQAV,CFR-000001373,a034W00000VdN7rQAF,a094W00002EL3izQAD
a024W00000I7UpJQAV,CFR-000001374,a034W00000VdN7uQAF,a094W00002EL3ibQAD
a024W00000I7UpKQAV,CFR-000001375,a034W00000VdN7vQAF,a094W00002EL3iDQAT
a024W00000I7UpLQAV,CFR-000001376,a034W00000VdN7rQAF,a094W00002EL3j3QAD
a024W00000I7UpMQAV,CFR-000001377,a034W00000VdN7uQAF,a094W00002EL3ifQAD
a024W00000I7UpNQAV,CFR-000001378,a034W00000VdN7vQAF,a094W00002EL3iHQAT
a024W00000I7UpOQAV,CFR-000001379,a034W00000VdN7rQAF,a094W00002EL3ivQAD
a024W00000I7UpPQAV,CFR-000001380,a034W00000VdN7uQAF,a094W00002EL3iXQAT
a024W00000I7UpQQAV,CFR-000001381,a034W00000VdN7vQAF,a094W00002EL3i9QAD
a024W00000I7UpRQAV,CFR-000001382,a034W00000VdN7rQAF,a094W00002EL3iwQAD
a024W00000I7UpSQAV,CFR-000001383,a034W00000VdN7uQAF,a094W00002EL3iYQAT
a024W00000I7UpTQAV,CFR-000001384,a034W00000VdN7vQAF,a094W00002EL3iAQAT
a024W00000I7UpUQAV,CFR-000001385,a034W00000VdN7rQAF,a094W00002EL3j1QAD
a024W00000I7UpVQAV,CFR-000001386,a034W00000VdN7uQAF,a094W00002EL3idQAD
a024W00000I7UpWQAV,CFR-000001387,a034W00000VdN7vQAF,a094W00002EL3iFQAT
a024W00000I7UpXQAV,CFR-000001388,a034W00000VdN7rQAF,a094W00002EL3j4QAD
a024W00000I7UpYQAV,CFR-000001389,a034W00000VdN7uQAF,a094W00002EL3igQAD
a024W00000I7UpZQAV,CFR-000001390,a034W00000VdN7vQAF,a094W00002EL3iIQAT
a024W00000I7UpaQAF,CFR-000001391,a034W00000VdN7rQAF,a094W00002EL3iyQAD
a024W00000I7UpbQAF,CFR-000001392,a034W00000VdN7uQAF,a094W00002EL3iaQAD
a024W00000I7UpcQAF,CFR-000001393,a034W00000VdN7vQAF,a094W00002EL3iCQAT
a024W00000I7UpdQAF,CFR-000001394,a034W00000VdN7rQAF,a094W00002EL3itQAD
a024W00000I7UpeQAF,CFR-000001395,a034W00000VdN7uQAF,a094W00002EL3iVQAT
a024W00000I7UpfQAF,CFR-000001396,a034W00000VdN7vQAF,a094W00002EL3i7QAD
a024W00000I7UpgQAF,CFR-000001397,a034W00000VdN7rQAF,a094W00002EL3iuQAD
a024W00000I7UphQAF,CFR-000001398,a034W00000VdN7uQAF,a094W00002EL3iWQAT
a024W00000I7UpiQAF,CFR-000001399,a034W00000VdN7vQAF,a094W00002EL3i8QAD